<?xml version="1.0" encoding="UTF-8"?>
<project-private xmlns="http://www.netbeans.org/ns/project-private/1">
    <editor-bookmarks xmlns="http://www.netbeans.org/ns/editor-bookmarks/2" lastBookmarkId="0"/>
    <open-files xmlns="http://www.netbeans.org/ns/projectui-open-files/2">
        <group>
            <file>file:/home/leslye/NetBeansProjects/Cm_Community/src/ModeloDAO/Voluntario_DAO.java</file>
            <file>file:/home/leslye/NetBeansProjects/Cm_Community/src/Visualização/Cad_livro.java</file>
            <file>file:/home/leslye/NetBeansProjects/Cm_Community/src/ModeloBeans/Voluntario.java</file>
            <file>file:/home/leslye/NetBeansProjects/Cm_Community/src/ModeloBeans/Exemplar.java</file>
            <file>file:/home/leslye/NetBeansProjects/Cm_Community/src/cm_community/Cm_Community.java</file>
            <file>file:/home/leslye/NetBeansProjects/Cm_Community/src/ModeloBeans/Pessoa.java</file>
            <file>file:/home/leslye/NetBeansProjects/Cm_Community/src/ModeloDAO/Pessoa_DAO.java</file>
            <file>file:/home/leslye/NetBeansProjects/Cm_Community/src/Visualização/TelaLogin.java</file>
            <file>file:/home/leslye/NetBeansProjects/Cm_Community/src/ModeloConnection/Banco.java</file>
            <file>file:/home/leslye/NetBeansProjects/Cm_Community/src/Visualização/Cad_volunt.java</file>
            <file>file:/home/leslye/NetBeansProjects/Cm_Community/src/ModeloDAO/Exemplar_DAO.java</file>
            <file>file:/home/leslye/NetBeansProjects/Cm_Community/src/Visualização/Cad_locatario.java</file>
            <file>file:/home/leslye/NetBeansProjects/Cm_Community/src/Visualização/HomePage.java</file>
        </group>
    </open-files>
</project-private>
